{"stats":{"minecraft:mined":{"minecraft:crafting_table":2,"minecraft:grass_block":16,"minecraft:coal_ore":2,"supplementaries:wild_flax":1,"minecraft:dirt":19,"luminousworld:auburnlog":4,"luminousworld:grassvariant_2":1,"luminousworld:grassvariant_3":1},"minecraft:used":{"minecraft:wooden_axe":2,"minecraft:apple":1,"minecraft:wooden_pickaxe":2,"minecraft:torch":1,"minecraft:wooden_sword":2,"minecraft:dirt":20,"minecraft:crafting_table":2,"alexsmobs:animal_dictionary":2},"minecraft:crafted":{"minecraft:wooden_sword":1,"luminousworld:autumnplank":16,"minecraft:crafting_table":1,"minecraft:stick":8,"minecraft:wooden_pickaxe":1,"minecraft:wooden_axe":1,"minecraft:torch":8},"minecraft:custom":{"minecraft:time_since_rest":26386,"minecraft:sprint_one_cm":3736,"minecraft:damage_taken":120,"minecraft:walk_one_cm":65041,"minecraft:drop":3,"minecraft:damage_dealt":23,"minecraft:interact_with_crafting_table":1,"minecraft:fly_one_cm":390,"minecraft:play_time":26386,"minecraft:jump":103,"minecraft:leave_game":1,"minecraft:walk_on_water_one_cm":3562,"minecraft:time_since_death":26386,"minecraft:total_world_time":26386,"minecraft:fall_one_cm":743},"minecraft:picked_up":{"luminousworld:auburnlog":4,"luminousworld:groundpebbles_1":1,"born_in_chaos_v1:corpse_maggot":2,"minecraft:stick":2,"minecraft:crafting_table":2,"supplementaries:flax_seeds":1,"alexsmobs:animal_dictionary":1,"minecraft:dirt":36,"minecraft:apple":2,"minecraft:rabbit_hide":1,"minecraft:rabbit":1,"minecraft:oak_sapling":1,"minecraft:coal":2},"minecraft:dropped":{"supplementaries:flax_seeds":1,"minecraft:dirt":1,"alexsmobs:animal_dictionary":1}},"DataVersion":3465}