{"stats":{"minecraft:mined":{"minecraft:coal_ore":2,"supplementaries:wild_flax":1,"luminousworld:auburnlog":4,"minecraft:crafting_table":1},"minecraft:used":{"minecraft:wooden_axe":1,"minecraft:crafting_table":1,"alexsmobs:animal_dictionary":2,"minecraft:wooden_pickaxe":2},"minecraft:crafted":{"minecraft:wooden_sword":1,"luminousworld:autumnplank":16,"minecraft:crafting_table":1,"minecraft:stick":8,"minecraft:wooden_pickaxe":1,"minecraft:wooden_axe":1},"minecraft:custom":{"minecraft:time_since_rest":5270,"minecraft:play_time":5270,"minecraft:sprint_one_cm":3736,"minecraft:walk_one_cm":24257,"minecraft:drop":2,"minecraft:jump":43,"minecraft:time_since_death":5270,"minecraft:walk_on_water_one_cm":2751,"minecraft:total_world_time":5270,"minecraft:interact_with_crafting_table":1,"minecraft:fall_one_cm":743,"minecraft:fly_one_cm":243},"minecraft:picked_up":{"minecraft:crafting_table":1,"luminousworld:auburnlog":4,"supplementaries:flax_seeds":1,"minecraft:coal":2,"alexsmobs:animal_dictionary":1},"minecraft:dropped":{"supplementaries:flax_seeds":1,"alexsmobs:animal_dictionary":1}},"DataVersion":3465}