{"stats":{"minecraft:mined":{"minecraft:spruce_planks":2,"minecraft:andesite":2,"minecraft:crafting_table":2,"minecraft:grass_block":16,"minecraft:coal_ore":2,"supplementaries:wild_flax":1,"minecraft:dirt":19,"luminousworld:auburnlog":4,"luminousworld:grassvariant_2":1,"luminousworld:grassvariant_3":1,"minecraft:stone":4,"minecraft:oak_planks":16},"minecraft:used":{"minecraft:wooden_axe":20,"minecraft:apple":2,"minecraft:wooden_pickaxe":8,"minecraft:torch":5,"minecraft:wooden_sword":2,"minecraft:dirt":20,"minecraft:crafting_table":2,"minecraft:cooked_rabbit":1,"minecraft:oak_boat":1,"alexsmobs:animal_dictionary":2},"minecraft:crafted":{"minecraft:wooden_sword":1,"minecraft:oak_boat":3,"luminousworld:autumnplank":16,"minecraft:crafting_table":1,"minecraft:stick":8,"minecraft:wooden_pickaxe":1,"minecraft:wooden_axe":1,"minecraft:stone_sword":1,"minecraft:torch":8,"minecraft:cooked_rabbit":1},"minecraft:custom":{"minecraft:time_since_rest":19476,"minecraft:sprint_one_cm":5287,"minecraft:damage_taken":260,"minecraft:walk_one_cm":129863,"minecraft:drop":7,"minecraft:damage_dealt":42,"minecraft:play_noteblock":1,"minecraft:swim_one_cm":7949,"minecraft:interact_with_crafting_table":4,"minecraft:fly_one_cm":923,"minecraft:open_chest":1,"minecraft:play_time":51412,"minecraft:walk_under_water_one_cm":51,"minecraft:sneak_time":16,"minecraft:boat_one_cm":85680,"minecraft:jump":193,"minecraft:sleep_in_bed":1,"minecraft:leave_game":2,"minecraft:walk_on_water_one_cm":6682,"minecraft:time_since_death":51412,"minecraft:climb_one_cm":5645,"minecraft:total_world_time":51412,"minecraft:fall_one_cm":1746,"minecraft:interact_with_furnace":5},"minecraft:picked_up":{"luminousworld:auburnlog":4,"luminousworld:groundpebbles_1":1,"born_in_chaos_v1:corpse_maggot":2,"minecraft:stick":2,"minecraft:crafting_table":2,"minecraft:andesite":2,"supplementaries:flax_seeds":1,"alexsmobs:animal_dictionary":1,"minecraft:dirt":36,"minecraft:apple":2,"minecraft:spruce_planks":2,"minecraft:peony":1,"minecraft:rabbit_hide":1,"minecraft:rabbit":1,"minecraft:oak_sapling":1,"minecraft:oak_planks":16,"minecraft:coal":2,"minecraft:cobblestone":4},"minecraft:dropped":{"supplementaries:flax_seeds":1,"minecraft:dirt":1,"alexsmobs:animal_dictionary":1,"born_in_chaos_v1:corpse_maggot":2,"minecraft:oak_boat":2}},"DataVersion":3465}