{"stats":{"minecraft:killed":{"born_in_chaos_v1:corpse_fly":4},"minecraft:mined":{"luminousworld:grassvariant_4":70,"minecraft:note_block":7,"minecraft:campfire":1,"minecraft:redstone_wire":28,"luminousworld:grassvariant_2":41,"ecologics:coconut_log":1,"minecraft:sugar_cane":1,"minecraft:bricks":1,"minecraft:repeater":32,"ecologics:seashell":1,"minecraft:wheat":1,"minecraft:lilac":1,"minecraft:peony":1,"minecraft:grass":64,"minecraft:oak_log":5,"minecraft:lantern":1,"minecraft:dirt":23,"luminousworld:grassvariant_3":15,"minecraft:stone":17,"minecraft:stone_bricks":1,"minecraft:oak_leaves":1,"minecraft:redstone_lamp":84},"minecraft:used":{"minecraft:wheat_seeds":16,"minecraft:peony":1,"minecraft:wooden_pickaxe":27,"minecraft:sugar_cane":3,"minecraft:rotten_flesh":6,"minecraft:dirt":3,"minecraft:sand":1,"minecraft:crafting_table":2,"ecologics:seashell":2,"born_in_chaos_v1:corpse_maggot":4,"minecraft:wooden_hoe":15,"minecraft:bread":1,"minecraft:iron_helmet":1,"minecraft:wooden_sword":18,"minecraft:oak_sapling":7,"minecraft:bone_meal":6},"minecraft:crafted":{"minecraft:oak_planks":20,"minecraft:crafting_table":2,"ecologics:coconut_planks":12,"minecraft:wooden_pickaxe":1,"minecraft:bone_meal":6,"minecraft:bread":1,"minecraft:wooden_hoe":1,"luminousworld:white_oak_plank":4},"minecraft:custom":{"minecraft:interact_with_furnace":1,"minecraft:mob_kills":4,"minecraft:interact_with_crafting_table":4,"minecraft:tune_noteblock":120,"minecraft:damage_dealt_resisted":40,"minecraft:time_since_death":40168,"minecraft:climb_one_cm":2640,"minecraft:time_since_rest":40168,"minecraft:damage_taken":315,"minecraft:sprint_one_cm":96489,"minecraft:walk_one_cm":145823,"minecraft:damage_dealt":559,"minecraft:play_noteblock":9,"minecraft:fly_one_cm":38992,"minecraft:open_chest":1,"minecraft:crouch_one_cm":4683,"minecraft:play_time":40168,"minecraft:sneak_time":1830,"minecraft:walk_under_water_one_cm":615,"minecraft:jump":281,"minecraft:walk_on_water_one_cm":9032,"minecraft:total_world_time":40168,"minecraft:fall_one_cm":4569},"minecraft:picked_up":{"born_in_chaos_v1:corpse_maggot":4,"minecraft:charcoal":2,"minecraft:wheat":3,"minecraft:repeater":32,"minecraft:redstone_lamp":83,"ecologics:seashell":2,"minecraft:oak_log":5,"supplementaries:flax_seeds":1,"minecraft:dirt":24,"minecraft:lantern":1,"minecraft:wooden_sword":1,"minecraft:bone":2,"minecraft:stone_bricks":1,"minecraft:wheat_seeds":16,"minecraft:oak_boat":1,"minecraft:sugar_cane":3,"minecraft:stick":6,"minecraft:note_block":7,"minecraft:sand":1,"ecologics:coconut_husk":4,"minecraft:redstone":28,"luminousworld:whiteoaklog":1,"minecraft:rotten_flesh":6,"minecraft:peony":1,"ecologics:coconut_log":3,"minecraft:iron_helmet":1,"minecraft:oak_sapling":7,"minecraft:bricks":1,"minecraft:cobblestone":18}},"DataVersion":3465}