{"stats":{"minecraft:killed":{"born_in_chaos_v1:corpse_fly":4},"minecraft:mined":{"ecologics:seashell":1,"luminousworld:grassvariant_4":70,"minecraft:wheat":1,"minecraft:peony":1,"minecraft:grass":64,"minecraft:oak_log":5,"minecraft:dirt":23,"luminousworld:grassvariant_2":41,"luminousworld:grassvariant_3":15,"ecologics:coconut_log":1,"minecraft:stone":17,"minecraft:sugar_cane":1,"minecraft:oak_leaves":1},"minecraft:used":{"minecraft:peony":1,"minecraft:wheat_seeds":16,"born_in_chaos_v1:corpse_maggot":2,"minecraft:wooden_hoe":15,"minecraft:iron_helmet":1,"minecraft:wooden_pickaxe":17,"minecraft:sugar_cane":3,"minecraft:rotten_flesh":6,"minecraft:wooden_sword":14,"minecraft:dirt":3,"minecraft:sand":1,"minecraft:crafting_table":1,"minecraft:oak_sapling":7,"ecologics:seashell":2,"minecraft:bone_meal":6},"minecraft:crafted":{"minecraft:oak_planks":20,"minecraft:wooden_hoe":1,"minecraft:crafting_table":1,"ecologics:coconut_planks":12,"luminousworld:white_oak_plank":4,"minecraft:wooden_pickaxe":1,"minecraft:bone_meal":6},"minecraft:custom":{"minecraft:time_since_rest":28168,"minecraft:sprint_one_cm":58773,"minecraft:damage_taken":297,"minecraft:walk_one_cm":110978,"minecraft:mob_kills":4,"minecraft:damage_dealt":476,"minecraft:interact_with_crafting_table":3,"minecraft:fly_one_cm":29322,"minecraft:crouch_one_cm":284,"minecraft:play_time":28168,"minecraft:walk_under_water_one_cm":615,"minecraft:sneak_time":332,"minecraft:damage_dealt_resisted":40,"minecraft:jump":239,"minecraft:walk_on_water_one_cm":9032,"minecraft:time_since_death":28168,"minecraft:total_world_time":28168,"minecraft:fall_one_cm":4151},"minecraft:picked_up":{"born_in_chaos_v1:corpse_maggot":4,"minecraft:stick":6,"minecraft:wheat":3,"ecologics:seashell":2,"minecraft:sand":1,"ecologics:coconut_husk":4,"minecraft:oak_log":5,"supplementaries:flax_seeds":1,"minecraft:dirt":24,"luminousworld:whiteoaklog":1,"minecraft:wooden_sword":1,"minecraft:bone":2,"minecraft:rotten_flesh":6,"minecraft:iron_helmet":1,"minecraft:peony":1,"minecraft:wheat_seeds":16,"ecologics:coconut_log":3,"minecraft:oak_sapling":7,"minecraft:sugar_cane":3,"minecraft:cobblestone":18}},"DataVersion":3465}