{"stats":{"minecraft:killed":{"born_in_chaos_v1:corpse_fly":2},"minecraft:mined":{"ecologics:coconut_log":1},"minecraft:used":{"minecraft:rotten_flesh":1,"born_in_chaos_v1:corpse_maggot":2,"minecraft:wooden_sword":4},"minecraft:crafted":{"minecraft:crafting_table":1,"ecologics:coconut_planks":4},"minecraft:custom":{"minecraft:time_since_rest":4168,"minecraft:crouch_one_cm":6,"minecraft:play_time":4168,"minecraft:sprint_one_cm":18259,"minecraft:damage_taken":140,"minecraft:walk_one_cm":13995,"minecraft:sneak_time":226,"minecraft:mob_kills":2,"minecraft:jump":62,"minecraft:damage_dealt":191,"minecraft:time_since_death":4168,"minecraft:walk_on_water_one_cm":33,"minecraft:total_world_time":4168,"minecraft:fall_one_cm":1734,"minecraft:fly_one_cm":10227},"minecraft:picked_up":{"minecraft:stick":6,"minecraft:wooden_sword":1,"born_in_chaos_v1:corpse_maggot":2,"minecraft:rotten_flesh":1,"ecologics:coconut_log":3,"supplementaries:flax_seeds":1,"minecraft:oak_sapling":4}},"DataVersion":3465}