{"stats":{"minecraft:killed":{"alexsmobs:lobster":1,"born_in_chaos_v1:corpse_fly":4},"minecraft:mined":{"luminousworld:grassvariant_4":70,"minecraft:note_block":7,"minecraft:campfire":1,"minecraft:redstone_wire":28,"luminousworld:grassvariant_2":41,"ecologics:coconut_log":1,"minecraft:sugar_cane":1,"minecraft:bricks":1,"minecraft:repeater":32,"minecraft:furnace":1,"ecologics:seashell":1,"minecraft:wheat":1,"minecraft:lilac":1,"minecraft:peony":1,"minecraft:grass":64,"minecraft:oak_log":5,"minecraft:lantern":1,"minecraft:dirt":23,"luminousworld:grassvariant_3":15,"minecraft:stone":17,"minecraft:stone_bricks":1,"minecraft:oak_leaves":1,"minecraft:redstone_lamp":84},"minecraft:killed_by":{"naturalist:rattlesnake":1,"minecraft:player":1},"minecraft:used":{"minecraft:wheat_seeds":16,"minecraft:peony":1,"minecraft:wooden_pickaxe":28,"minecraft:sugar_cane":3,"minecraft:rotten_flesh":6,"minecraft:dirt":3,"minecraft:sand":1,"minecraft:crafting_table":2,"ecologics:seashell":2,"born_in_chaos_v1:corpse_maggot":4,"minecraft:wooden_hoe":15,"minecraft:bread":1,"minecraft:iron_helmet":1,"minecraft:wooden_sword":26,"minecraft:furnace":1,"minecraft:oak_sapling":7,"tombstone:gift":2,"minecraft:bone_meal":6},"minecraft:crafted":{"minecraft:oak_planks":20,"minecraft:crafting_table":2,"ecologics:coconut_planks":12,"minecraft:wooden_pickaxe":1,"luminousworld:cooked_trout":1,"minecraft:furnace":1,"minecraft:bone_meal":6,"minecraft:bread":1,"minecraft:air":0,"minecraft:wooden_hoe":1,"luminousworld:white_oak_plank":4},"minecraft:custom":{"minecraft:interact_with_furnace":3,"minecraft:mob_kills":5,"minecraft:interact_with_crafting_table":5,"minecraft:tune_noteblock":120,"minecraft:damage_dealt_resisted":40,"minecraft:leave_game":1,"minecraft:time_since_death":206,"minecraft:sleep_in_bed":2,"minecraft:climb_one_cm":4753,"minecraft:time_since_rest":1,"minecraft:damage_taken":666,"minecraft:sprint_one_cm":111171,"minecraft:walk_one_cm":167532,"minecraft:drop":1,"minecraft:damage_dealt":805,"minecraft:play_noteblock":9,"minecraft:fly_one_cm":44335,"minecraft:open_chest":1,"minecraft:crouch_one_cm":5196,"minecraft:play_time":47492,"minecraft:deaths":2,"minecraft:sneak_time":2159,"minecraft:walk_under_water_one_cm":4753,"minecraft:jump":310,"minecraft:walk_on_water_one_cm":9802,"minecraft:total_world_time":47492,"minecraft:fall_one_cm":4569},"minecraft:picked_up":{"born_in_chaos_v1:corpse_maggot":4,"minecraft:charcoal":3,"minecraft:wheat":3,"minecraft:repeater":32,"minecraft:redstone_lamp":83,"ecologics:seashell":2,"luminousworld:trout":1,"minecraft:oak_log":5,"supplementaries:flax_seeds":1,"minecraft:dirt":24,"minecraft:lantern":1,"minecraft:wooden_sword":1,"minecraft:bone":2,"minecraft:stone_bricks":1,"minecraft:wheat_seeds":16,"minecraft:oak_boat":1,"minecraft:sugar_cane":3,"ecologics:crab_claw":1,"minecraft:furnace":1,"minecraft:stick":6,"ecologics:coconut_slice":3,"minecraft:note_block":7,"minecraft:sand":1,"ecologics:coconut_husk":4,"minecraft:redstone":28,"luminousworld:whiteoaklog":1,"minecraft:rotten_flesh":6,"minecraft:peony":1,"ecologics:coconut_log":3,"minecraft:iron_helmet":1,"minecraft:oak_sapling":7,"minecraft:bricks":1,"minecraft:cobblestone":18},"minecraft:dropped":{"ecologics:coconut_slice":1}},"DataVersion":3465}