{"stats":{"minecraft:killed":{"born_in_chaos_v1:corpse_fly":2},"minecraft:mined":{"minecraft:oak_log":5,"ecologics:seashell":1,"ecologics:coconut_log":1,"minecraft:sugar_cane":1,"minecraft:oak_leaves":1},"minecraft:used":{"minecraft:rotten_flesh":1,"born_in_chaos_v1:corpse_maggot":2,"minecraft:wooden_sword":4,"minecraft:crafting_table":1,"minecraft:oak_sapling":4,"ecologics:seashell":2},"minecraft:crafted":{"minecraft:oak_planks":20,"minecraft:crafting_table":1,"ecologics:coconut_planks":12,"minecraft:wooden_pickaxe":1},"minecraft:custom":{"minecraft:time_since_rest":16168,"minecraft:crouch_one_cm":31,"minecraft:play_time":16168,"minecraft:sprint_one_cm":41512,"minecraft:damage_taken":230,"minecraft:walk_one_cm":27998,"minecraft:sneak_time":228,"minecraft:mob_kills":2,"minecraft:jump":139,"minecraft:damage_dealt":191,"minecraft:time_since_death":16168,"minecraft:walk_on_water_one_cm":1464,"minecraft:total_world_time":16168,"minecraft:interact_with_crafting_table":1,"minecraft:fall_one_cm":2688,"minecraft:fly_one_cm":24020},"minecraft:picked_up":{"minecraft:stick":6,"minecraft:wooden_sword":1,"born_in_chaos_v1:corpse_maggot":2,"minecraft:rotten_flesh":1,"ecologics:seashell":2,"ecologics:coconut_log":3,"minecraft:sand":1,"ecologics:coconut_husk":4,"minecraft:oak_log":5,"supplementaries:flax_seeds":1,"minecraft:oak_sapling":5,"minecraft:sugar_cane":3,"minecraft:dirt":2,"minecraft:cobblestone":1}},"DataVersion":3465}