{"stats":{"minecraft:killed":{"minecraft:zombie":2,"born_in_chaos_v1:corpse_fly":3,"ecologics:coconut_crab":1,"undead_revamp2:thebidy":1,"born_in_chaos_v1:corpse_fish":1,"undead_revamp2:thepregnant":1},"minecraft:mined":{"ecologics:seashell":1,"minecraft:crafting_table":2,"minecraft:grass_block":1,"minecraft:oak_log":15,"minecraft:sand":1,"ecologics:coconut_log":5,"minecraft:stone":5,"minecraft:oak_leaves":4},"minecraft:used":{"born_in_chaos_v1:corpse_maggot":2,"minecraft:stone_sword":28,"minecraft:wooden_pickaxe":6,"minecraft:rotten_flesh":3,"minecraft:stone_axe":19,"ecologics:coconut_slice":2,"minecraft:dirt":1,"minecraft:wooden_sword":18,"minecraft:crafting_table":2,"tombstone:gift":2},"minecraft:crafted":{"minecraft:wooden_sword":1,"minecraft:oak_planks":16,"minecraft:crafting_table":1,"minecraft:stick":8,"minecraft:wooden_pickaxe":1,"minecraft:stone_sword":1,"minecraft:stone_axe":1},"minecraft:custom":{"minecraft:time_since_rest":926,"minecraft:sprint_one_cm":13973,"minecraft:damage_taken":700,"minecraft:walk_one_cm":35921,"minecraft:mob_kills":9,"minecraft:drop":2,"minecraft:damage_dealt":1832,"minecraft:interact_with_crafting_table":6,"minecraft:fly_one_cm":15037,"minecraft:crouch_one_cm":408,"minecraft:play_time":12566,"tombstone:undead_killed":4,"minecraft:deaths":2,"minecraft:sneak_time":252,"minecraft:walk_under_water_one_cm":268,"minecraft:jump":112,"minecraft:leave_game":4,"minecraft:walk_on_water_one_cm":14360,"minecraft:time_since_death":1091,"minecraft:total_world_time":12566,"minecraft:fall_one_cm":1581},"minecraft:picked_up":{"minecraft:stick":1,"born_in_chaos_v1:corpse_maggot":3,"minecraft:crafting_table":2,"ecologics:coconut_slice":4,"ecologics:seashell":1,"minecraft:sand":1,"minecraft:oak_log":15,"tombstone:grave_dust":1,"minecraft:dirt":1,"minecraft:bone":4,"minecraft:rotten_flesh":5,"minecraft:slime_ball":4,"ecologics:coconut_log":3,"born_in_chaos_v1:rotten_fish":1,"minecraft:cobblestone":5},"minecraft:dropped":{"minecraft:wooden_sword":1,"minecraft:rotten_flesh":1}},"DataVersion":3465}