{"stats":{"minecraft:killed":{"luminousworld:crab":1,"minecraft:zombie":2,"alexsmobs:terrapin":1,"minecraft:drowned":1,"born_in_chaos_v1:corpse_fly":4,"ecologics:coconut_crab":1,"undead_revamp2:thebidy":1,"born_in_chaos_v1:corpse_fish":2,"undead_revamp2:thepregnant":1},"minecraft:mined":{"iceandfire:silver_ore":1,"ecologics:seashell":1,"minecraft:grass":1,"minecraft:crafting_table":3,"minecraft:grass_block":1,"minecraft:oak_log":56,"minecraft:dirt":7,"minecraft:sand":1,"ecologics:coconut_log":5,"minecraft:stone":32,"minecraft:sugar_cane":1,"minecraft:oak_leaves":19},"minecraft:used":{"born_in_chaos_v1:corpse_maggot":2,"minecraft:stone_sword":44,"minecraft:stone_pickaxe":5,"born_in_chaos_v1:fried_maggot":1,"minecraft:wooden_pickaxe":29,"minecraft:wooden_sword":18,"minecraft:dirt":2,"minecraft:rotten_flesh":3,"ecologics:coconut_slice":4,"minecraft:stone_axe":69,"minecraft:crafting_table":3,"minecraft:furnace":1,"tombstone:gift":2},"minecraft:crafted":{"minecraft:wooden_sword":1,"minecraft:oak_planks":16,"born_in_chaos_v1:fried_maggot":1,"ecologics:coconut_slab":24,"minecraft:crafting_table":1,"ecologics:coconut_planks":12,"minecraft:furnace":1,"minecraft:stick":8,"minecraft:stone_pickaxe":1,"minecraft:wooden_pickaxe":1,"minecraft:stone_sword":1,"minecraft:stone_axe":1,"minecraft:air":0},"minecraft:custom":{"minecraft:time_since_rest":12686,"minecraft:interact_with_furnace":4,"minecraft:sprint_one_cm":23460,"minecraft:damage_taken":740,"minecraft:walk_one_cm":72082,"minecraft:mob_kills":14,"minecraft:drop":7,"minecraft:damage_dealt":2502,"minecraft:swim_one_cm":1418,"minecraft:interact_with_crafting_table":9,"minecraft:fly_one_cm":25676,"minecraft:crouch_one_cm":887,"minecraft:play_time":24326,"tombstone:undead_killed":5,"minecraft:deaths":2,"minecraft:sneak_time":435,"minecraft:walk_under_water_one_cm":2043,"minecraft:jump":188,"minecraft:leave_game":4,"minecraft:time_since_death":12851,"minecraft:walk_on_water_one_cm":18560,"minecraft:total_world_time":24326,"minecraft:fall_one_cm":2059},"minecraft:picked_up":{"born_in_chaos_v1:corpse_maggot":3,"minecraft:stick":13,"minecraft:crafting_table":3,"ecologics:coconut_slice":4,"ecologics:seashell":1,"minecraft:sand":1,"minecraft:oak_log":57,"tombstone:grave_dust":1,"minecraft:apple":3,"minecraft:dirt":7,"minecraft:bone":4,"minecraft:rotten_flesh":6,"minecraft:slime_ball":4,"ecologics:coconut_log":3,"minecraft:oak_sapling":14,"born_in_chaos_v1:rotten_fish":2,"minecraft:sugar_cane":3,"iceandfire:raw_silver":1,"minecraft:cobblestone":31},"minecraft:dropped":{"ecologics:coconut_husk":4,"minecraft:apple":2,"minecraft:rotten_flesh":1,"minecraft:wooden_sword":1,"minecraft:sand":1,"ecologics:seashell":1}},"DataVersion":3465}