{"stats":{"minecraft:killed":{"undead_revamp2:the_moonflower":1,"alexsmobs:tasmanian_devil":1,"alexsmobs:seagull":1,"luminousworld:crab":1,"minecraft:skeleton":1,"minecraft:zombie":2,"alexsmobs:terrapin":5,"born_in_chaos_v1:corpse_fly":15,"undead_revamp2:thebidy":1,"ecologics:coconut_crab":3,"born_in_chaos_v1:corpse_fish":3,"minecraft:drowned":4,"undead_revamp2:thepregnant":1},"minecraft:mined":{"luminousworld:groundpebbles_1":6,"iceandfire:silver_ore":1,"luminousworld:grassvariant_4":3,"minecraft:crafting_table":4,"minecraft:grass_block":5,"luminousworld:grassvariant_2":1,"ecologics:coconut_log":5,"minecraft:oak_planks":1,"minecraft:sugar_cane":1,"luminousworld:groundpebbles_3":4,"luminousworld:whiteoaklog":9,"minecraft:furnace":1,"ecologics:seashell":1,"minecraft:coal_ore":2,"minecraft:andesite":4,"minecraft:bookshelf":9,"minecraft:peony":2,"minecraft:grass":4,"minecraft:oak_log":83,"minecraft:gravel":2,"minecraft:sand":1,"minecraft:dirt":26,"luminousworld:grassvariant_3":2,"minecraft:cobweb":2,"minecraft:stone":68,"minecraft:oak_leaves":26},"minecraft:used":{"minecraft:peony":1,"minecraft:stone_sword":168,"minecraft:stone_pickaxe":50,"minecraft:wooden_pickaxe":29,"born_in_chaos_v1:fried_maggot":10,"minecraft:rotten_flesh":7,"minecraft:dirt":20,"minecraft:crafting_table":4,"born_in_chaos_v1:corpse_maggot":5,"minecraft:apple":1,"minecraft:iron_axe":14,"luminousworld:white_oak_door":1,"minecraft:oak_sapling":7,"born_in_chaos_v1:rotten_fish":2,"minecraft:stone_axe":121,"ecologics:coconut_slice":6,"minecraft:wooden_sword":18,"minecraft:golden_carrot":1,"minecraft:furnace":2,"minecraft:andesite":4,"tombstone:gift":3,"alexsmobs:animal_dictionary":2},"minecraft:crafted":{"minecraft:wooden_sword":1,"minecraft:oak_planks":16,"minecraft:crafting_table":1,"ecologics:coconut_planks":12,"minecraft:wooden_pickaxe":1,"minecraft:furnace":1,"minecraft:stone_axe":1,"minecraft:air":0,"luminousworld:white_oak_slab":6,"luminousworld:white_oak_door":3,"luminousworld:white_oak_plank":16,"minecraft:stick":8,"born_in_chaos_v1:fried_maggot":14,"ecologics:coconut_slab":24,"minecraft:stone_pickaxe":1,"minecraft:stone_sword":2},"minecraft:broken":{"minecraft:stone_sword":1},"minecraft:custom":{"minecraft:interact_with_furnace":13,"minecraft:mob_kills":39,"minecraft:tune_noteblock":91,"minecraft:interact_with_crafting_table":12,"minecraft:damage_dealt_resisted":64,"minecraft:leave_game":5,"minecraft:time_since_death":49877,"minecraft:sleep_in_bed":1,"minecraft:climb_one_cm":5755,"minecraft:time_since_rest":11324,"minecraft:sprint_one_cm":99489,"minecraft:damage_taken":1200,"minecraft:walk_one_cm":164546,"minecraft:drop":12,"minecraft:damage_dealt":6854,"minecraft:swim_one_cm":22494,"minecraft:fly_one_cm":99645,"minecraft:open_chest":1,"minecraft:crouch_one_cm":4771,"minecraft:play_time":61352,"tombstone:undead_killed":10,"minecraft:deaths":2,"minecraft:sneak_time":1906,"minecraft:walk_under_water_one_cm":8366,"minecraft:jump":603,"minecraft:walk_on_water_one_cm":26395,"minecraft:total_world_time":61352,"minecraft:fall_one_cm":5194},"minecraft:picked_up":{"luminousworld:groundpebbles_1":10,"born_in_chaos_v1:corpse_maggot":18,"minecraft:crafting_table":4,"minecraft:golden_carrot":1,"minecraft:andesite":4,"ecologics:seashell":1,"minecraft:oak_log":84,"minecraft:string":1,"minecraft:dirt":30,"minecraft:iron_axe":1,"minecraft:bone":6,"minecraft:apple":3,"minecraft:sugar_cane":3,"minecraft:oak_planks":1,"minecraft:book":36,"ecologics:crab_claw":2,"minecraft:furnace":1,"minecraft:stick":16,"ecologics:coconut_slice":8,"minecraft:copper_ingot":1,"minecraft:gravel":4,"minecraft:sand":1,"tombstone:grave_dust":4,"minecraft:arrow":2,"luminousworld:whiteoaklog":8,"minecraft:rotten_flesh":16,"minecraft:slime_ball":4,"minecraft:peony":1,"ecologics:coconut_log":3,"minecraft:bone_meal":1,"born_in_chaos_v1:rotten_fish":2,"minecraft:oak_sapling":20,"minecraft:coal":2,"iceandfire:raw_silver":1,"minecraft:cobblestone":67},"minecraft:dropped":{"minecraft:gravel":2,"minecraft:rotten_flesh":6,"minecraft:apple":2,"minecraft:bone_meal":1,"ecologics:coconut_husk":6,"minecraft:wooden_sword":1,"minecraft:sand":1,"minecraft:wooden_pickaxe":1,"ecologics:seashell":1}},"DataVersion":3465}