{"stats":{"minecraft:killed":{"undead_revamp2:thebidy":1,"minecraft:zombie":1},"minecraft:mined":{"minecraft:grass_block":1,"minecraft:oak_log":4,"ecologics:seashell":1,"minecraft:oak_leaves":3},"minecraft:used":{"minecraft:wooden_sword":10,"minecraft:dirt":1,"minecraft:crafting_table":1},"minecraft:crafted":{"minecraft:wooden_sword":1,"minecraft:oak_planks":16,"minecraft:crafting_table":1,"minecraft:stick":4},"minecraft:custom":{"minecraft:time_since_rest":5652,"minecraft:damage_taken":180,"minecraft:sprint_one_cm":1483,"minecraft:play_time":5652,"tombstone:undead_killed":2,"minecraft:walk_one_cm":8858,"minecraft:mob_kills":2,"minecraft:jump":22,"minecraft:damage_dealt":540,"minecraft:time_since_death":5652,"minecraft:leave_game":2,"minecraft:walk_on_water_one_cm":9031,"minecraft:total_world_time":5652,"minecraft:interact_with_crafting_table":2,"minecraft:fall_one_cm":536,"minecraft:fly_one_cm":2212},"minecraft:picked_up":{"ecologics:seashell":1,"minecraft:oak_log":4,"minecraft:dirt":1}},"DataVersion":3465}