{"stats":{"minecraft:killed":{"undead_revamp2:the_moonflower":1,"alexsmobs:tasmanian_devil":1,"luminousworld:crab":1,"minecraft:zombie":2,"alexsmobs:terrapin":5,"born_in_chaos_v1:corpse_fly":8,"undead_revamp2:thebidy":1,"ecologics:coconut_crab":2,"born_in_chaos_v1:corpse_fish":3,"minecraft:drowned":2,"undead_revamp2:thepregnant":1},"minecraft:mined":{"iceandfire:silver_ore":1,"luminousworld:grassvariant_4":3,"minecraft:crafting_table":3,"minecraft:grass_block":2,"luminousworld:grassvariant_2":1,"ecologics:coconut_log":5,"minecraft:sugar_cane":1,"luminousworld:whiteoaklog":9,"ecologics:seashell":1,"minecraft:grass":4,"minecraft:oak_log":83,"minecraft:sand":1,"minecraft:dirt":11,"luminousworld:grassvariant_3":1,"minecraft:cobweb":1,"minecraft:stone":35,"minecraft:oak_leaves":25},"minecraft:used":{"minecraft:stone_sword":135,"minecraft:stone_pickaxe":9,"minecraft:wooden_pickaxe":29,"born_in_chaos_v1:fried_maggot":1,"minecraft:rotten_flesh":7,"minecraft:dirt":3,"minecraft:crafting_table":3,"born_in_chaos_v1:corpse_maggot":2,"minecraft:stone_axe":110,"ecologics:coconut_slice":4,"minecraft:wooden_sword":18,"minecraft:golden_carrot":1,"minecraft:furnace":1,"tombstone:gift":2},"minecraft:crafted":{"minecraft:wooden_sword":1,"minecraft:oak_planks":16,"minecraft:crafting_table":1,"ecologics:coconut_planks":12,"minecraft:wooden_pickaxe":1,"minecraft:furnace":1,"minecraft:stone_axe":1,"minecraft:air":0,"minecraft:stick":8,"born_in_chaos_v1:fried_maggot":1,"ecologics:coconut_slab":24,"minecraft:stone_pickaxe":1,"minecraft:stone_sword":1},"minecraft:broken":{"minecraft:stone_sword":1},"minecraft:custom":{"minecraft:interact_with_furnace":4,"minecraft:mob_kills":27,"minecraft:interact_with_crafting_table":9,"minecraft:damage_dealt_resisted":20,"minecraft:leave_game":4,"minecraft:time_since_death":24851,"minecraft:time_since_rest":24686,"minecraft:sprint_one_cm":49670,"minecraft:damage_taken":1070,"minecraft:walk_one_cm":102618,"minecraft:drop":8,"minecraft:damage_dealt":5275,"minecraft:swim_one_cm":1418,"minecraft:fly_one_cm":52727,"minecraft:crouch_one_cm":1235,"minecraft:play_time":36326,"tombstone:undead_killed":7,"minecraft:deaths":2,"minecraft:sneak_time":515,"minecraft:walk_under_water_one_cm":2331,"minecraft:jump":345,"minecraft:walk_on_water_one_cm":24068,"minecraft:total_world_time":36326,"minecraft:fall_one_cm":3313},"minecraft:picked_up":{"born_in_chaos_v1:corpse_maggot":8,"minecraft:crafting_table":3,"minecraft:golden_carrot":1,"ecologics:seashell":1,"minecraft:oak_log":84,"minecraft:dirt":12,"minecraft:iron_axe":1,"minecraft:bone":4,"minecraft:apple":3,"minecraft:sugar_cane":3,"ecologics:crab_claw":1,"minecraft:stick":16,"ecologics:coconut_slice":6,"minecraft:sand":1,"tombstone:grave_dust":3,"luminousworld:whiteoaklog":8,"minecraft:rotten_flesh":13,"minecraft:slime_ball":4,"ecologics:coconut_log":3,"minecraft:bone_meal":1,"born_in_chaos_v1:rotten_fish":2,"minecraft:oak_sapling":18,"iceandfire:raw_silver":1,"minecraft:cobblestone":34},"minecraft:dropped":{"minecraft:rotten_flesh":6,"minecraft:apple":2,"ecologics:coconut_husk":4,"minecraft:wooden_sword":1,"minecraft:sand":1,"ecologics:seashell":1}},"DataVersion":3465}