{"stats":{"minecraft:killed":{"born_in_chaos_v1:corpse_fly":1},"minecraft:mined":{"minecraft:oak_log":55,"luminousworld:grassvariant_2":1,"luminousworld:grassvariant_3":1,"minecraft:stone":47,"minecraft:oak_leaves":16,"minecraft:crafting_table":1},"minecraft:used":{"minecraft:stone_axe":69,"minecraft:crafting_table":1,"minecraft:stone_pickaxe":19,"minecraft:wooden_pickaxe":29},"minecraft:crafted":{"minecraft:oak_planks":20,"minecraft:stone_axe":1,"minecraft:crafting_table":1,"minecraft:stick":8,"minecraft:wooden_pickaxe":1,"minecraft:stone_pickaxe":1},"minecraft:custom":{"minecraft:time_since_rest":11081,"minecraft:crouch_one_cm":9493,"minecraft:play_time":11081,"minecraft:sprint_one_cm":17069,"minecraft:damage_taken":130,"minecraft:walk_one_cm":33863,"minecraft:sneak_time":2869,"minecraft:walk_under_water_one_cm":44,"minecraft:mob_kills":1,"minecraft:jump":119,"minecraft:damage_dealt":167,"minecraft:leave_game":1,"minecraft:time_since_death":11081,"minecraft:walk_on_water_one_cm":7256,"minecraft:total_world_time":11081,"minecraft:interact_with_crafting_table":3,"minecraft:fall_one_cm":1999,"minecraft:fly_one_cm":17030},"minecraft:picked_up":{"minecraft:stick":1,"minecraft:crafting_table":1,"minecraft:oak_log":54,"minecraft:oak_sapling":1,"minecraft:cobblestone":47}},"DataVersion":3465}