{"stats":{"minecraft:killed":{"alexsmobs:catfish":1,"minecraft:zombie":2,"born_in_chaos_v1:corpse_fly":1,"minecraft:salmon":9,"born_in_chaos_v1:corpse_fish":1,"born_in_chaos_v1:zombie_bruiser":1},"minecraft:killed_by":{"minecraft:zombie":1},"minecraft:mined":{"minecraft:tall_seagrass":1,"minecraft:crafting_table":1,"minecraft:oak_log":55,"luminousworld:grassvariant_2":1,"luminousworld:grassvariant_3":1,"minecraft:stone":68,"minecraft:oak_leaves":16},"minecraft:used":{"alexsmobs:cooked_catfish":3,"minecraft:stone_pickaxe":40,"minecraft:oak_planks":1,"minecraft:wooden_pickaxe":29,"minecraft:stone_axe":94,"minecraft:crafting_table":1,"minecraft:oak_sapling":8},"minecraft:crafted":{"minecraft:oak_planks":20,"minecraft:crafting_table":1,"minecraft:stick":8,"minecraft:wooden_pickaxe":1,"minecraft:stone_pickaxe":1,"alexsmobs:cooked_catfish":3,"minecraft:stone_axe":1,"minecraft:air":0},"minecraft:custom":{"minecraft:time_since_rest":12113,"minecraft:interact_with_furnace":4,"minecraft:sprint_one_cm":59833,"minecraft:damage_taken":520,"minecraft:walk_one_cm":87991,"minecraft:mob_kills":15,"minecraft:drop":3,"minecraft:damage_dealt":1606,"minecraft:swim_one_cm":20807,"minecraft:interact_with_crafting_table":4,"minecraft:fly_one_cm":47651,"minecraft:crouch_one_cm":13808,"minecraft:play_time":24177,"tombstone:undead_killed":3,"minecraft:deaths":1,"minecraft:sneak_time":4024,"minecraft:walk_under_water_one_cm":12261,"minecraft:jump":271,"minecraft:leave_game":1,"minecraft:walk_on_water_one_cm":19957,"minecraft:time_since_death":12729,"minecraft:total_world_time":24177,"minecraft:fall_one_cm":3924},"minecraft:picked_up":{"minecraft:stick":3,"minecraft:crafting_table":1,"minecraft:salmon":9,"minecraft:oak_log":54,"tombstone:grave_dust":1,"minecraft:string":1,"minecraft:dirt":1,"alexsmobs:raw_catfish":3,"minecraft:bone":2,"born_in_chaos_v1:rotten_fish":1,"minecraft:oak_sapling":3,"minecraft:iron_boots":1,"minecraft:cobblestone":68},"minecraft:dropped":{"minecraft:dirt":1,"minecraft:bone":2}},"DataVersion":3465}