{"stats":{"minecraft:killed":{"alexsmobs:catfish":1,"minecraft:zombie":2,"born_in_chaos_v1:corpse_fly":3,"minecraft:salmon":9,"born_in_chaos_v1:corpse_fish":1,"alexsmobs:flying_fish":1,"born_in_chaos_v1:zombie_bruiser":1},"minecraft:killed_by":{"minecraft:zombie":1},"minecraft:mined":{"minecraft:tall_seagrass":1,"minecraft:crafting_table":1,"minecraft:bookshelf":11,"minecraft:oak_log":55,"luminousworld:grassvariant_2":1,"luminousworld:grassvariant_3":1,"minecraft:stone":68,"minecraft:oak_leaves":16},"minecraft:used":{"alexsmobs:cooked_catfish":3,"minecraft:stone_pickaxe":40,"minecraft:oak_planks":1,"minecraft:wooden_pickaxe":29,"minecraft:cooked_salmon":3,"minecraft:stone_axe":109,"born_in_chaos_v1:rotten_fish":1,"minecraft:crafting_table":1,"minecraft:oak_sapling":8},"minecraft:crafted":{"minecraft:oak_planks":20,"minecraft:crafting_table":1,"minecraft:stick":8,"minecraft:wooden_pickaxe":1,"minecraft:stone_pickaxe":1,"minecraft:cooked_salmon":4,"alexsmobs:cooked_catfish":3,"minecraft:stone_axe":2,"minecraft:air":0},"minecraft:broken":{"minecraft:stone_axe":1},"minecraft:custom":{"minecraft:time_since_rest":5182,"minecraft:interact_with_furnace":11,"minecraft:sprint_one_cm":66148,"minecraft:damage_taken":590,"minecraft:walk_one_cm":145737,"minecraft:mob_kills":18,"minecraft:drop":4,"minecraft:damage_dealt":1792,"minecraft:swim_one_cm":44657,"minecraft:interact_with_crafting_table":5,"minecraft:fly_one_cm":50174,"minecraft:open_chest":1,"minecraft:crouch_one_cm":22577,"minecraft:play_time":36177,"tombstone:undead_killed":3,"minecraft:deaths":1,"minecraft:sneak_time":5715,"minecraft:walk_under_water_one_cm":15224,"minecraft:jump":347,"minecraft:leave_game":1,"minecraft:walk_on_water_one_cm":24262,"minecraft:time_since_death":24729,"minecraft:sleep_in_bed":1,"minecraft:climb_one_cm":5646,"minecraft:total_world_time":36177,"minecraft:fall_one_cm":5159},"minecraft:picked_up":{"minecraft:book":24,"born_in_chaos_v1:corpse_maggot":2,"minecraft:stick":3,"minecraft:crafting_table":1,"minecraft:salmon":9,"minecraft:redstone_lamp":1,"minecraft:oak_log":54,"tombstone:grave_dust":1,"minecraft:string":1,"minecraft:dirt":1,"alexsmobs:raw_catfish":3,"minecraft:bone":2,"minecraft:oak_boat":1,"born_in_chaos_v1:rotten_fish":1,"minecraft:oak_sapling":3,"alexsmobs:flying_fish":1,"minecraft:iron_boots":1,"minecraft:cobblestone":68},"minecraft:dropped":{"minecraft:redstone_lamp":1,"minecraft:dirt":1,"minecraft:bone":2}},"DataVersion":3465}