{"stats":{"minecraft:killed":{"minecraft:pig":1,"minecraft:salmon":13,"luminousworld:trout_fish":1,"born_in_chaos_v1:zombie_bruiser":1,"luminousworld:crab":1,"alexsmobs:catfish":1,"minecraft:zombie":2,"born_in_chaos_v1:corpse_fly":4,"ecologics:coconut_crab":2,"born_in_chaos_v1:corpse_fish":1,"alexsmobs:flying_fish":1},"minecraft:killed_by":{"minecraft:zombie":1},"minecraft:mined":{"minecraft:crafting_table":1,"luminousworld:grassvariant_2":1,"minecraft:frosted_ice":6,"minecraft:tall_seagrass":1,"ecologics:seashell":1,"minecraft:bookshelf":11,"minecraft:oak_log":55,"luminousworld:grassvariant_3":1,"minecraft:stone":68,"minecraft:oak_leaves":16},"minecraft:used":{"alexsmobs:cooked_catfish":3,"minecraft:stone_pickaxe":40,"minecraft:oak_planks":1,"minecraft:wooden_pickaxe":29,"minecraft:cooked_salmon":3,"born_in_chaos_v1:fried_maggot":1,"minecraft:crafting_table":1,"ecologics:seashell":1,"minecraft:stone_axe":125,"ecologics:coconut_slice":3,"born_in_chaos_v1:rotten_fish":1,"minecraft:oak_sapling":8},"minecraft:crafted":{"minecraft:oak_planks":20,"minecraft:crafting_table":1,"minecraft:wooden_pickaxe":1,"minecraft:cooked_salmon":4,"minecraft:stone_axe":2,"minecraft:air":0,"minecraft:stick":8,"born_in_chaos_v1:fried_maggot":1,"minecraft:stone_pickaxe":1,"alexsmobs:cooked_catfish":3},"minecraft:broken":{"minecraft:stone_axe":1},"minecraft:custom":{"minecraft:interact_with_furnace":13,"minecraft:mob_kills":28,"minecraft:interact_with_crafting_table":5,"minecraft:leave_game":2,"minecraft:time_since_death":37755,"minecraft:sleep_in_bed":1,"minecraft:climb_one_cm":10702,"minecraft:time_since_rest":18208,"minecraft:sprint_one_cm":81510,"minecraft:damage_taken":634,"minecraft:walk_one_cm":205813,"minecraft:drop":4,"minecraft:damage_dealt":2571,"minecraft:swim_one_cm":65841,"minecraft:fly_one_cm":63591,"minecraft:player_kills":1,"minecraft:open_chest":1,"minecraft:crouch_one_cm":30776,"minecraft:play_time":49203,"tombstone:undead_killed":3,"minecraft:deaths":1,"minecraft:sneak_time":8089,"minecraft:walk_under_water_one_cm":28642,"minecraft:jump":445,"minecraft:walk_on_water_one_cm":27408,"minecraft:total_world_time":49203,"minecraft:fall_one_cm":5402},"minecraft:picked_up":{"born_in_chaos_v1:corpse_maggot":2,"minecraft:crafting_table":1,"minecraft:salmon":13,"minecraft:redstone_lamp":1,"ecologics:seashell":1,"minecraft:oak_log":54,"minecraft:dirt":1,"minecraft:string":1,"minecraft:bone":2,"minecraft:oak_boat":1,"minecraft:iron_boots":1,"ecologics:crab_claw":1,"minecraft:book":24,"minecraft:stick":3,"ecologics:coconut_slice":8,"minecraft:porkchop":1,"tombstone:grave_dust":1,"alexsmobs:raw_catfish":3,"minecraft:oak_sapling":3,"born_in_chaos_v1:rotten_fish":1,"alexsmobs:flying_fish":1,"minecraft:cobblestone":68},"minecraft:dropped":{"minecraft:dirt":1,"minecraft:redstone_lamp":1,"minecraft:bone":2}},"DataVersion":3465}