{"stats":{"minecraft:used":{"minecraft:apple":1,"minecraft:stone_pickaxe":1,"minecraft:wooden_pickaxe":5,"minecraft:stone_axe":10,"minecraft:dirt":3,"minecraft:crafting_table":3,"tombstone:gift":2,"minecraft:oak_boat":1},"minecraft:killed":{"minecraft:skeleton":1,"naturalist:rattlesnake":1,"born_in_chaos_v1:dread_hound":1,"minecraft:spider":1},"minecraft:mined":{"minecraft:birch_leaves":2,"minecraft:crafting_table":2,"minecraft:grass":9,"minecraft:grass_block":1,"minecraft:oak_log":13,"minecraft:dirt":2,"minecraft:stone":6,"minecraft:oak_leaves":7,"luminousworld:savanna_grass_2":3},"minecraft:killed_by":{"naturalist:rattlesnake":1},"minecraft:picked_up":{"minecraft:stick":1,"minecraft:crafting_table":2,"minecraft:oak_log":13,"minecraft:string":1,"alexsmobs:animal_dictionary":1,"minecraft:dirt":3,"born_in_chaos_v1:monster_skin":1,"minecraft:apple":1,"minecraft:wheat_seeds":2,"born_in_chaos_v1:gnawed_bones":1,"minecraft:cobblestone":6},"minecraft:dropped":{"minecraft:wheat_seeds":1,"alexsmobs:animal_dictionary":1},"minecraft:custom":{"minecraft:time_since_rest":4620,"minecraft:interact_with_furnace":1,"minecraft:sprint_one_cm":43969,"minecraft:damage_taken":375,"minecraft:walk_one_cm":40947,"minecraft:mob_kills":4,"minecraft:drop":2,"minecraft:damage_dealt":629,"minecraft:swim_one_cm":1021,"minecraft:interact_with_crafting_table":4,"minecraft:fly_one_cm":34984,"minecraft:open_chest":1,"minecraft:crouch_one_cm":1089,"minecraft:play_time":16554,"tombstone:undead_killed":1,"minecraft:deaths":1,"minecraft:sneak_time":470,"minecraft:walk_under_water_one_cm":6112,"minecraft:boat_one_cm":36720,"minecraft:jump":186,"minecraft:leave_game":5,"minecraft:walk_on_water_one_cm":3506,"minecraft:time_since_death":7620,"minecraft:sleep_in_bed":1,"minecraft:climb_one_cm":5016,"minecraft:total_world_time":16554,"minecraft:fall_one_cm":2268},"minecraft:crafted":{"minecraft:oak_boat":1,"minecraft:oak_planks":52,"minecraft:crafting_table":2,"minecraft:stick":8,"minecraft:wooden_pickaxe":1,"minecraft:stone_pickaxe":1,"minecraft:stone_axe":1}},"DataVersion":3465}