{"stats":{"minecraft:killed":{"naturalist:rattlesnake":1,"minecraft:spider":1},"minecraft:mined":{"minecraft:birch_leaves":2,"minecraft:crafting_table":2,"minecraft:grass":9,"minecraft:grass_block":1,"minecraft:oak_log":13,"minecraft:dirt":2,"minecraft:stone":6,"minecraft:oak_leaves":7,"luminousworld:savanna_grass_2":3},"minecraft:killed_by":{"naturalist:rattlesnake":1},"minecraft:used":{"minecraft:apple":1,"minecraft:stone_pickaxe":1,"minecraft:wooden_pickaxe":5,"minecraft:stone_axe":5,"minecraft:dirt":3,"minecraft:crafting_table":3,"minecraft:oak_boat":1},"minecraft:crafted":{"minecraft:oak_boat":1,"minecraft:oak_planks":52,"minecraft:crafting_table":2,"minecraft:stick":8,"minecraft:wooden_pickaxe":1,"minecraft:stone_pickaxe":1,"minecraft:stone_axe":1},"minecraft:custom":{"minecraft:time_since_rest":204,"minecraft:interact_with_furnace":1,"minecraft:sprint_one_cm":30840,"minecraft:damage_taken":290,"minecraft:walk_one_cm":22285,"minecraft:mob_kills":2,"minecraft:drop":2,"minecraft:damage_dealt":259,"minecraft:interact_with_crafting_table":4,"minecraft:fly_one_cm":28777,"minecraft:crouch_one_cm":293,"minecraft:play_time":10359,"minecraft:deaths":1,"minecraft:sneak_time":199,"minecraft:walk_under_water_one_cm":3361,"minecraft:boat_one_cm":29430,"minecraft:jump":137,"minecraft:leave_game":3,"minecraft:walk_on_water_one_cm":2699,"minecraft:time_since_death":1425,"minecraft:climb_one_cm":1308,"minecraft:total_world_time":10359,"minecraft:fall_one_cm":2057},"minecraft:picked_up":{"minecraft:stick":1,"minecraft:crafting_table":2,"minecraft:oak_log":13,"alexsmobs:animal_dictionary":1,"minecraft:dirt":3,"minecraft:apple":1,"minecraft:wheat_seeds":2,"minecraft:cobblestone":6},"minecraft:dropped":{"minecraft:wheat_seeds":1,"alexsmobs:animal_dictionary":1}},"DataVersion":3465}